{"Val Acc":82.46124031007751,"_timestamp":1.7442523635992677e+09,"_wandb":{"runtime":1446},"Train Loss":0.15157706922695233,"Val Loss":0.857130766000198,"_runtime":1446.1933623,"_step":30,"Test Accuracy":86.43410852713178,"epoch":30,"Train Acc":95.43036750483559}