{"Train Acc":82.15713083718974,"_wandb":{"runtime":7093},"_timestamp":1.74469646610085e+09,"_step":85,"epoch":85,"Test Accuracy":93.47643097643098,"_runtime":7093.8631173,"Val Loss":0.23936811652836493,"Train Loss":0.568170355808822,"Val Acc":94.1919191919192}