{"Val Acc":59.883720930232556,"_runtime":10972.1143467,"Train Acc":99.8792270531401,"Val Loss":2.431453168932841,"_step":300,"Train Loss":0.005216789267507595,"Test Accuracy":57.55813953488372,"_wandb":{"runtime":10972},"_timestamp":1.7440529075691562e+09,"epoch":300}