{"Train Loss":1.0379650316954472,"Test Accuracy":93.85245901639344,"Val Loss":0.27639599651851454,"_runtime":17108.8888669,"_timestamp":1.7437551025642319e+09,"epoch":300,"Val Acc":92.48633879781421,"_wandb":{"runtime":17108},"_step":300,"Train Acc":67.79863481228669}