{"Train Acc":97.98590660496424,"_wandb":{"runtime":13387},"Test Accuracy":93.98148148148148,"_step":100,"epoch":100,"_timestamp":1.745413093928862e+09,"Train Loss":0.06196455194948915,"_runtime":13387.0352243,"Val Loss":0.3106248139908494,"Val Acc":94.27609427609427}