{"_timestamp":1.7441307437442768e+09,"_runtime":3679.3025377,"Val Acc":61.9140625,"_step":200,"_wandb":{"runtime":3679},"Val Loss":1.3494549663737416,"Test Accuracy":59.5703125,"epoch":200,"Train Acc":48.670212765957444,"Train Loss":1.631952560501357}