{"_timestamp":1.744076525160567e+09,"Val Loss":2.8430820370829384,"_runtime":4651.5283371,"_step":100,"Val Acc":13.953488372093023,"Test Accuracy":16.666666666666668,"_wandb":{"runtime":4651},"Train Loss":3.2845211305480073,"Train Acc":12.777777777777779,"epoch":100}