{"_runtime":657.2920854,"Val Loss":2.121102614328265,"Train Loss":0.22423013612516296,"Test Accuracy":53.90625,"Train Acc":92.98839458413927,"Val Acc":54.296875,"_step":29,"_timestamp":1.7439556060989418e+09,"_wandb":{"runtime":657},"epoch":29}