{"_step":250,"Train Acc":96.24032882011605,"epoch":250,"_timestamp":1.7443871247158964e+09,"_wandb":{"runtime":11079},"_runtime":11079.0194633,"Train Loss":0.1182039617381614,"Val Acc":89.05038759689923,"Test Accuracy":86.24031007751938,"Val Loss":0.6531893927403589}