{"Train Loss":5.406350725380172,"Val Acc":8.164983164983164,"epoch":2,"Train Acc":1.6775347076146403,"_runtime":319.188545,"_wandb":{"runtime":365},"Val Loss":5.034884123689799,"_timestamp":1.7452898617813199e+09,"_step":1}