{"Val Acc":96.03825136612022,"epoch":250,"Train Acc":70.1962457337884,"Train Loss":0.9605543797079207,"_wandb":{"runtime":15251},"_runtime":15251.7457007,"_step":250,"Val Loss":0.19222682499825505,"_timestamp":1.743534899541549e+09,"Test Accuracy":94.67213114754098}