{"_wandb":{"runtime":18457},"Train Acc":33.6489252814739,"_runtime":18457.3638216,"epoch":150,"_step":150,"_timestamp":1.7434186821698887e+09,"Train Loss":2.1039071956497537,"Val Acc":60.92896174863388,"Test Accuracy":59.56284153005465,"Val Loss":1.2628060183564171}