{"Val Loss":0.17674952843913533,"_step":150,"_wandb":{"runtime":5946},"Val Acc":95.76502732240438,"epoch":150,"_runtime":5946.9058293,"Train Loss":1.090277370240908,"Train Acc":66.13481228668942,"_timestamp":1.7435817743235214e+09,"Test Accuracy":95.08196721311475}