{"Train Acc":99.47952218430034,"_runtime":13800.1167748,"epoch":250,"_step":250,"Train Loss":0.017244957194730372,"Val Acc":98.70218579234972,"_wandb":{"runtime":13800},"_timestamp":1.743673575531795e+09,"Test Accuracy":97.95081967213115,"Val Loss":0.09251583823661758}