{"Val Acc":86.53100775193798,"Train Acc":99.9274661508704,"_runtime":8328.6244659,"_wandb":{"runtime":8328},"epoch":300,"_step":300,"_timestamp":1.744424243384169e+09,"Train Loss":0.001948390005217718,"Val Loss":1.1114072582603343,"Test Accuracy":90.11627906976744}