{"_wandb":{"runtime":30312},"Train Loss":0.27047215111014544,"epoch":300,"_timestamp":1.744520939406851e+09,"_runtime":30312.1760778,"Val Acc":95.95959595959596,"_step":300,"Val Loss":0.17694856259527572,"Test Accuracy":96.17003367003367,"Train Acc":91.38620109381573}