{"_step":104,"epoch":104,"_timestamp":1.744778432129125e+09,"_runtime":6844.7163565,"Train Acc":82.53575936053849,"Train Loss":0.5577333775745861,"_wandb":{"runtime":6844},"Val Acc":93.47643097643098,"Test Accuracy":94.23400673400674,"Val Loss":0.2753309470779531}