{"Val Acc":92.55050505050505,"_wandb":{"runtime":4895},"_timestamp":1.7446329014022126e+09,"Val Loss":0.382257897465547,"_runtime":4895.1337296,"Train Acc":96.23474968447623,"epoch":51,"_step":51,"Train Loss":0.1132836110795612,"Test Accuracy":94.02356902356902}