{"epoch":80,"Train Acc":58.35748792270532,"Val Acc":51.16279069767442,"Val Loss":1.836799031542253,"Test Accuracy":53.29457364341085,"Train Loss":1.3716119637235926,"_step":80,"_wandb":{"runtime":3806},"_timestamp":1.7439206202522852e+09,"_runtime":3806.1953637}