{"epoch":200,"_runtime":15244.3335016,"Test Accuracy":36.885245901639344,"Train Acc":22.466734902763562,"Val Loss":2.0185777444005666,"_step":200,"Train Loss":2.6500311543289934,"Val Acc":35.58743169398907,"_timestamp":1.7436109018146465e+09,"_wandb":{"runtime":15244}}