{"Train Acc":61.64675767918089,"_wandb":{"runtime":8061},"Val Loss":0.33946751139528764,"Val Acc":92.14480874316939,"_runtime":8061.2167332,"Train Loss":1.2326729367617455,"epoch":150,"_timestamp":1.743659769607824e+09,"_step":150,"Test Accuracy":92.55464480874316}