{"Val Loss":2.1329478351182716,"_timestamp":1.743890588275088e+09,"Test Accuracy":34.30232558139535,"_wandb":{"runtime":6320},"_runtime":6320.9631716,"Train Acc":28.14009661835749,"epoch":216,"Train Loss":2.432329401301877,"_step":216,"Val Acc":33.91472868217054}