{"Val Loss":0.8140697691480109,"Test Accuracy":87.59689922480621,"_timestamp":1.7444666406131415e+09,"_runtime":5606.5116323,"Val Acc":87.20930232558139,"epoch":200,"_wandb":{"runtime":5606},"Train Acc":99.93955512572533,"_step":200,"Train Loss":0.0020993766682228607}