{"_timestamp":1.7449631042472389e+09,"epoch":150,"Test Accuracy":88.46801346801347,"Train Acc":68.55279764408918,"Val Acc":87.37373737373737,"_wandb":{"runtime":21967},"Val Loss":0.39493381531626104,"_runtime":21967.541225,"_step":150,"Train Loss":0.9995350561531392}