{"_timestamp":1.7440358504113834e+09,"Test Accuracy":0.9689922480620154,"_wandb":{"runtime":11981},"_step":300,"Train Acc":1.2318840579710144,"Train Loss":5.1381806755987345,"Val Loss":5.174033575279768,"Val Acc":1.1627906976744187,"_runtime":11981.7592442,"epoch":300}