{"_timestamp":1.7441064780175984e+09,"_step":177,"Val Loss":1.8466510996222496,"_wandb":{"runtime":4372},"Test Accuracy":43.9453125,"Train Acc":40.062862669245646,"Val Acc":46.2890625,"epoch":177,"_runtime":4372.5188626,"Train Loss":1.9511796404360802}