{"_step":250,"_timestamp":1.743903771058317e+09,"_runtime":11646.4496651,"Train Loss":0.5698646089594118,"Train Acc":81.59420289855072,"epoch":250,"Val Loss":2.2991371790078907,"Val Acc":58.333333333333336,"Test Accuracy":53.29457364341085,"_wandb":{"runtime":11646}}