{"_runtime":1664.8573369,"Train Acc":55.893719806763286,"_wandb":{"runtime":1664},"Val Loss":1.900790165676627,"Train Loss":1.4828794910855916,"Val Acc":50.58139534883721,"epoch":61,"_step":61,"Test Accuracy":48.64341085271318,"_timestamp":1.744078197195397e+09}