{"Train Acc":44.656673114119926,"_runtime":2226.922418,"_step":150,"Test Accuracy":56.25,"Train Loss":1.7394834799508292,"Val Loss":1.4433953547850251,"_wandb":{"runtime":2226},"Val Acc":58.0078125,"epoch":150,"_timestamp":1.74394152942418e+09}