{"Val Loss":2.2801257198349245,"Val Acc":56.996587030716725,"_timestamp":1.743346022996098e+09,"_runtime":4256.091614,"Train Acc":87.81423093310609,"_wandb":{"runtime":4256},"epoch":200,"_step":199,"Train Loss":0.3544840938455284}