{"Val Loss":1.2633876078762114,"Train Acc":49.37137330754352,"epoch":200,"Val Acc":58.59375,"Train Loss":1.6378149188464108,"_wandb":{"runtime":3109},"_runtime":3109.8724736,"_timestamp":1.7439629593957155e+09,"_step":200,"Test Accuracy":61.1328125}