{"Test Accuracy":84.84848484848484,"Train Loss":1.1983859784803974,"Val Loss":0.4927824433682869,"_wandb":{"runtime":14120},"Train Acc":62.978544383676905,"Val Acc":85.18518518518519,"epoch":100,"_runtime":14120.2398301,"_step":100,"_timestamp":1.744839189285507e+09}