{"Train Acc":0.6817213463996591,"Train Loss":4.5823902628896995,"_step":199,"_timestamp":1.74330326834869e+09,"_runtime":5612.7925949,"_wandb":{"runtime":5612},"Val Acc":0.3412969283276451,"epoch":200,"Val Loss":4.631665867728156}