{"_wandb":{"runtime":18961},"epoch":250,"Train Loss":0.022485658743121938,"Val Acc":95.41245791245791,"_timestamp":1.7451959445705595e+09,"Test Accuracy":95.20202020202021,"_runtime":18961.0879428,"Val Loss":0.3570665744667047,"Train Acc":99.25326041228439,"_step":250}