{"Val Acc":91.2568306010929,"Train Acc":64.8037542662116,"_step":200,"Test Accuracy":90.30054644808743,"_runtime":8448.6085432,"epoch":200,"Val Loss":0.2971203549169615,"_wandb":{"runtime":8448},"_timestamp":1.743479697313463e+09,"Train Loss":1.0881536099691034}