{"Val Loss":0.20394198372814695,"_runtime":11355.4172344,"_wandb":{"runtime":11355},"epoch":139,"Val Acc":95.62289562289563,"Train Acc":88.03113167858645,"_timestamp":1.744974466474717e+09,"_step":139,"Train Loss":0.37488834166647195,"Test Accuracy":95.15993265993266}