{"_runtime":31832.8417196,"Train Loss":0.18370060725140774,"_timestamp":1.744916834760194e+09,"Test Accuracy":87.66835016835017,"epoch":150,"Train Acc":93.96297854438367,"Val Loss":0.6764149329521314,"Val Acc":87.16329966329967,"_step":150,"_wandb":{"runtime":31832}}