{"Val Loss":0.26141137360561456,"_timestamp":1.7451998320448532e+09,"Train Loss":0.06920871350041345,"Test Accuracy":93.35016835016835,"_wandb":{"runtime":3881},"epoch":41,"_runtime":3881.0306871,"Train Acc":98.32246529238536,"_step":41,"Val Acc":94.23400673400674}