{"Val Acc":88.86612021857924,"epoch":100,"Train Acc":68.66257250085295,"_timestamp":1.7435758208757133e+09,"_step":100,"_runtime":11267.7691494,"Test Accuracy":85.72404371584699,"_wandb":{"runtime":11267},"Train Loss":1.036879371218091,"Val Loss":0.4176360547219408}