{"Train Acc":29.130434782608695,"epoch":171,"_runtime":5233.732251,"_step":171,"_wandb":{"runtime":5233},"Test Accuracy":34.10852713178294,"_timestamp":1.7439127845550294e+09,"Val Loss":2.2035089370816254,"Val Acc":32.55813953488372,"Train Loss":2.4586315554697156}