{"epoch":150,"_runtime":3280.2311331,"Val Acc":50.5859375,"_wandb":{"runtime":3280},"Test Accuracy":53.3203125,"Val Loss":1.6053422521799803,"_timestamp":1.7441020999849896e+09,"_step":150,"Train Loss":1.7713700538677681,"Train Acc":43.73791102514507}