{"_timestamp":1.7437379881929023e+09,"Test Accuracy":96.99453551912568,"epoch":49,"_runtime":3200.8450351,"Val Acc":98.22404371584699,"_wandb":{"runtime":3200},"_step":49,"Train Loss":0.011250477569644004,"Val Loss":0.0868084933162621,"Train Acc":99.85494880546075}