{"_step":250,"Train Loss":0.2203727251180399,"_runtime":8718.7359067,"Test Accuracy":87.40310077519379,"Val Acc":89.24418604651163,"Val Loss":0.5760687599598924,"_wandb":{"runtime":8718},"epoch":250,"_timestamp":1.7442420158305228e+09,"Train Acc":93.25435203094777}