{"_wandb":{"runtime":282},"_step":9,"Train Loss":4.597434151111713,"_runtime":281.5104401,"_timestamp":1.7432975506116362e+09,"Train Acc":1.1504047720494248,"epoch":10,"Val Acc":1.023890784982935,"Val Loss":4.601532278834163}