{"Val Acc":92.25589225589225,"epoch":66,"_timestamp":1.7447072147318387e+09,"Test Accuracy":92.29797979797979,"_step":66,"Train Loss":0.16070032242991372,"Val Loss":0.3158671459160342,"Train Acc":94.80437526293647,"_wandb":{"runtime":10745},"_runtime":10745.2873693}