{"_runtime":9279.9376825,"_step":200,"epoch":200,"_timestamp":1.7435504416777196e+09,"Train Acc":69.2235494880546,"_wandb":{"runtime":9279},"Test Accuracy":93.10109289617486,"Train Loss":0.971163235604763,"Val Acc":92.89617486338798,"Val Loss":0.26016907970538067}