{"Val Acc":86.62790697674419,"_step":150,"epoch":150,"_timestamp":1.7442474280069287e+09,"Train Loss":0.3383165043643613,"Val Loss":0.7366688900132882,"Train Acc":89.16827852998065,"_wandb":{"runtime":5406},"Test Accuracy":89.43798449612403,"_runtime":5406.3289765}