{"_wandb":{"runtime":63899},"Val Acc":89.81481481481481,"_timestamp":1.7451496218739808e+09,"Train Acc":77.5925536390408,"epoch":298,"Test Accuracy":90.44612794612794,"Val Loss":0.36525988415165733,"_step":298,"Train Loss":0.7307839934472884,"_runtime":63899.9878848}