{"Train Loss":1.1865752387257116,"_wandb":{"runtime":7051},"Test Accuracy":75,"Train Acc":63.315611406476556,"Val Acc":76.06589147286822,"Val Loss":0.8555575950619901,"epoch":100,"_step":100,"_timestamp":1.7443319213752255e+09,"_runtime":7051.7473434}