{"_wandb":{"runtime":2188},"Val Loss":0.08945793996296564,"epoch":55,"_runtime":2188.4703577,"Train Loss":0.013212891494963158,"Val Acc":98.22404371584699,"Test Accuracy":98.22404371584699,"_step":55,"Train Acc":99.7184300341297,"_timestamp":1.7436757702656858e+09}