{"_timestamp":1.743699468203889e+09,"_runtime":44.511763,"Val Acc":1.1627906976744187,"Train Acc":0.7729468599033816,"Val Loss":5.094914769017419,"Train Loss":5.208564982667637,"epoch":1,"_step":0,"_wandb":{"runtime":45}}