{"Train Acc":15.917874396135266,"_step":150,"Train Loss":3.0847095298306377,"_timestamp":1.7439720155041194e+09,"Test Accuracy":18.023255813953487,"_wandb":{"runtime":6569},"Val Loss":2.736666802288026,"Val Acc":17.441860465116278,"epoch":150,"_runtime":6569.0127409}