{"Test Accuracy":86.43410852713178,"Train Loss":0.06676719630785498,"Val Loss":0.6190423582473779,"_wandb":{"runtime":2062},"Train Acc":97.7151837524178,"epoch":51,"_runtime":2062.7440811,"_step":51,"Val Acc":88.46899224806202,"_timestamp":1.7442867612792144e+09}