{"Train Loss":0.23026015763160185,"Val Acc":83.04263565891473,"_step":52,"Test Accuracy":81.1046511627907,"_wandb":{"runtime":2833},"_timestamp":1.7443434289882357e+09,"Val Loss":0.8543627317997089,"epoch":52,"_runtime":2833.949041,"Train Acc":92.70178830352828}