{"Val Loss":1.9506689254922094,"Val Acc":62.3046875,"_step":250,"Train Acc":96.73597678916828,"epoch":250,"_timestamp":1.7440419280221424e+09,"Test Accuracy":61.1328125,"Train Loss":0.10313849457957543,"_wandb":{"runtime":6064},"_runtime":6064.0868751}