{"Test Accuracy":1.550387596899225,"_wandb":{"runtime":1677},"Train Acc":1.1962300628322862,"Val Acc":1.3565891472868217,"_timestamp":1.744269948516555e+09,"_runtime":1677.6205205,"Train Loss":5.136302637327922,"epoch":19,"_step":19,"Val Loss":5.146648218465406}