{"epoch":28,"_timestamp":1.743963811695023e+09,"Test Accuracy":56.58914728682171,"_wandb":{"runtime":847},"_step":28,"Val Loss":2.3344231086923894,"Val Acc":52.906976744186046,"Train Loss":0.4592324082827384,"Train Acc":85.53140096618357,"_runtime":847.4656369}