{"Val Loss":0.47032290832539186,"epoch":126,"Train Acc":94.59402608329827,"Test Accuracy":90.65656565656566,"_wandb":{"runtime":23390},"Val Acc":90.44612794612794,"Train Loss":0.16908660939828338,"_step":126,"_timestamp":1.7450857139068725e+09,"_runtime":23390.5470431}