{"_wandb":{"runtime":1237},"_step":30,"Train Acc":81.03864734299516,"epoch":30,"_timestamp":1.7440956323968139e+09,"Test Accuracy":46.51162790697674,"Val Acc":51.16279069767442,"Train Loss":0.588177959839611,"_runtime":1237.1742924,"Val Loss":2.415283533953881}