{"Train Loss":0.1232342242629993,"_step":60,"Test Accuracy":96.72131147540983,"Val Acc":96.85792349726776,"Train Acc":95.8546571136131,"Val Loss":0.12245930960328909,"_runtime":5078.889062,"_wandb":{"runtime":5078},"_timestamp":1.7437128526256258e+09,"epoch":60}