{"Train Acc":79.40038684719536,"_timestamp":1.7444041623495138e+09,"_runtime":2707.4355917,"epoch":56,"Val Loss":0.5681253784713372,"Train Loss":0.6496158346742738,"_step":56,"Val Acc":85.17441860465117,"_wandb":{"runtime":2707},"Test Accuracy":86.82170542635659}