{"_timestamp":1.74425090411833e+09,"_step":25,"Train Acc":93.95551257253385,"Test Accuracy":81.87984496124031,"Train Loss":0.178175357143185,"epoch":25,"Val Acc":85.65891472868218,"_wandb":{"runtime":1045},"_runtime":1045.1055066,"Val Loss":0.7510966234414753}