{"Val Acc":0.3412969283276451,"_step":95,"Train Acc":0.8521516829995739,"_wandb":{"runtime":2709},"_runtime":2702.4014332,"Train Loss":4.58201960120128,"_timestamp":1.743333168496635e+09,"Val Loss":4.623459687104097,"epoch":96}