{"Val Loss":0.11359176305263902,"_step":39,"_timestamp":1.7437145849322414e+09,"_runtime":1724.4941162,"Train Acc":98.51535836177474,"Train Loss":0.04258347391649034,"Val Acc":97.95081967213115,"_wandb":{"runtime":1724},"epoch":39,"Test Accuracy":98.29234972677595}