{"Train Acc":88.21221426134426,"Val Acc":97.81420765027322,"epoch":143,"Test Accuracy":97.54098360655738,"_wandb":{"runtime":14102},"Train Loss":0.3684504660041166,"_runtime":14102.0376098,"_step":143,"Val Loss":0.09686668356099772,"_timestamp":1.7435645473186526e+09}