{"_step":71,"Test Accuracy":87.59689922480621,"_runtime":3343.6538258,"Val Acc":86.62790697674419,"Train Acc":85.9647001934236,"Val Loss":0.5599366680677446,"Train Loss":0.42931375273852834,"_wandb":{"runtime":3343},"epoch":71,"_timestamp":1.7444610267563236e+09}