{"Test Accuracy":98.97540983606558,"Train Acc":99.94880546075085,"Val Loss":0.11125975103669894,"_runtime":8119.349108,"Val Acc":98.97540983606558,"epoch":200,"_step":200,"Train Loss":0.0011493274817521836,"_wandb":{"runtime":8119},"_timestamp":1.743426806444629e+09}