{"_timestamp":1.7443745886226711e+09,"Train Acc":94.96133397776704,"Val Loss":1.68835311584333,"Train Loss":0.16399242746116988,"Val Acc":72.09302325581395,"_runtime":21336.3384747,"_step":250,"_wandb":{"runtime":21336},"epoch":250,"Test Accuracy":72.18992248062015}