{"Train Acc":1.2318840579710144,"Val Acc":1.1627906976744187,"Train Loss":5.136417156256339,"Test Accuracy":0.9689922480620154,"_timestamp":1.7439300166381302e+09,"_step":100,"Val Loss":5.185176952864772,"_wandb":{"runtime":3030},"_runtime":3030.650172,"epoch":100}