{"_wandb":{"runtime":609},"Train Loss":0.24346783821384568,"_timestamp":1.744017888395885e+09,"Test Accuracy":58.59375,"Train Acc":92.33558994197293,"Val Loss":2.333227258059196,"epoch":26,"_step":26,"_runtime":609.0580785,"Val Acc":55.2734375}