{"epoch":29,"_timestamp":1.7439136734439662e+09,"_runtime":882.1473497,"_step":29,"Train Acc":80.43478260869566,"Train Loss":0.6027999632096521,"Val Loss":2.224381475726976,"Test Accuracy":57.751937984496124,"Val Acc":55.62015503875969,"_wandb":{"runtime":882}}