{"Train Loss":0.09022053313239536,"epoch":300,"_step":300,"Test Accuracy":91.27906976744185,"Train Acc":97.11073500967117,"_timestamp":1.7442174183699286e+09,"_runtime":14086.5772227,"Val Loss":0.5134152475933085,"_wandb":{"runtime":14086},"Val Acc":90.50387596899225}