{"Val Loss":0.6060005948354638,"Test Accuracy":85.58743169398907,"_wandb":{"runtime":6241},"_timestamp":1.74354115420616e+09,"_runtime":6241.2970172,"epoch":100,"_step":100,"Train Loss":1.4728980210860843,"Train Acc":53.839590443686006,"Val Acc":85.1775956284153}