{"Val Loss":0.33969032550040973,"Train Acc":98.19625578460244,"Val Acc":94.65488215488216,"epoch":150,"_timestamp":1.7448250612312713e+09,"_step":150,"Test Accuracy":93.72895622895624,"_runtime":18036.7736373,"_wandb":{"runtime":18036},"Train Loss":0.05416279618684043}