{"Train Acc":35.158648925281476,"Test Accuracy":71.72131147540983,"_wandb":{"runtime":8410},"Val Loss":1.0205570165413977,"Train Loss":2.149362501126839,"Val Acc":72.40437158469945,"_timestamp":1.7435072136911318e+09,"_runtime":8410.2001029,"_step":100,"epoch":100}