{"_timestamp":1.7439168095224943e+09,"Test Accuracy":61.1328125,"Train Loss":0.7673190057104745,"Train Acc":76.66827852998065,"Val Acc":58.984375,"_step":41,"_wandb":{"runtime":676},"Val Loss":1.4645640621893108,"_runtime":676.60356,"epoch":41}