{"_step":59,"_timestamp":1.7453579205396345e+09,"_runtime":8135.1288808,"Train Acc":95.16722759781237,"_wandb":{"runtime":8135},"Train Loss":0.15363893138545637,"epoch":59,"Val Acc":92.42424242424242,"Test Accuracy":92.67676767676768,"Val Loss":0.3007463512702407}