{"Val Loss":2.4903499372303486,"_step":150,"_timestamp":1.7439161284845316e+09,"_runtime":2442.5025207,"_wandb":{"runtime":2442},"epoch":150,"Train Loss":0.0017434703522190228,"Train Acc":100,"Val Acc":60.3515625,"Test Accuracy":62.5}