{"Train Acc":97.91026953258273,"Val Acc":96.51639344262296,"epoch":200,"_runtime":21074.4579863,"Train Loss":0.05967787302637525,"_timestamp":1.7436517017143657e+09,"_wandb":{"runtime":21074},"Test Accuracy":96.37978142076503,"_step":200,"Val Loss":0.18712860519348412}