{"_wandb":{"runtime":1511},"epoch":35,"Train Acc":88.79227053140097,"_runtime":1511.4147324,"_step":35,"Train Loss":0.3678503546852546,"Val Loss":2.4357733221926776,"_timestamp":1.7438921122289805e+09,"Test Accuracy":55.03875968992248,"Val Acc":53.29457364341085}