{"_step":187,"Val Loss":1.1581875700503588,"Val Acc":63.4765625,"Train Loss":1.3666397049533099,"epoch":187,"_runtime":2905.1671697,"Train Acc":56.334622823984525,"_wandb":{"runtime":2905},"_timestamp":1.7441270507359538e+09,"Test Accuracy":62.6953125}