{"Train Loss":4.134815883881846,"epoch":6,"_runtime":171.0402379,"_timestamp":1.7433411008838925e+09,"_step":5,"_wandb":{"runtime":187},"Val Loss":3.868182175779996,"Val Acc":7.560137457044673,"Train Acc":4.29000429000429}