{"Train Loss":0.08326570755171123,"epoch":100,"Test Accuracy":93.35016835016835,"Train Acc":97.26546066470341,"Val Acc":94.10774410774411,"_timestamp":1.7453497796188772e+09,"Val Loss":0.2582852549555377,"_wandb":{"runtime":24022},"_runtime":24022.0171798,"_step":100}