{"_wandb":{"runtime":33749},"Train Loss":0.8955277323690124,"epoch":200,"Val Acc":91.58249158249158,"Test Accuracy":90.31986531986531,"_runtime":33749.9281476,"Val Loss":0.31426612644658974,"_timestamp":1.744627998407264e+09,"_step":200,"Train Acc":72.75452250736222}