{"_timestamp":1.7443760382676024e+09,"_runtime":1444.0638775,"Test Accuracy":85.46511627906976,"Train Loss":0.07092169480924024,"_step":45,"Train Acc":97.78771760154739,"epoch":45,"Val Loss":0.7237358963539996,"Val Acc":86.53100775193798,"_wandb":{"runtime":1444}}