{"_wandb":{"runtime":8500},"epoch":200,"Train Loss":1.1012896205174638,"Val Acc":87.29508196721312,"_runtime":8500.8373418,"Val Loss":0.37799320157230554,"Train Acc":64.5136518771331,"Test Accuracy":88.66120218579235,"_timestamp":1.7437230911255167e+09,"_step":200}