{"_timestamp":1.744218678428391e+09,"epoch":35,"Test Accuracy":86.24031007751938,"Train Acc":99.2142166344294,"Val Loss":0.6574920791261306,"Val Acc":85.17441860465117,"_runtime":1246.6246242,"_wandb":{"runtime":1246},"Train Loss":0.05047955637699988,"_step":35}