{"Train Acc":82.27053140096618,"_step":300,"Val Loss":1.8928212126312676,"Test Accuracy":59.689922480620154,"_runtime":8986.6088929,"epoch":300,"Train Loss":0.5777285427322998,"_timestamp":1.743954934146784e+09,"_wandb":{"runtime":8986},"Val Acc":61.82170542635659}