{"_timestamp":1.74479792278684e+09,"Train Loss":0.048278173152528144,"Train Acc":98.61169541438788,"_wandb":{"runtime":4427},"epoch":53,"_runtime":4427.8077308,"_step":53,"Val Loss":0.2520229852674619,"Val Acc":94.14983164983165,"Test Accuracy":94.1919191919192}