{"_step":250,"Test Accuracy":90.79457364341086,"Val Acc":89.72868217054264,"Val Loss":0.5369607330450217,"_timestamp":1.7442682584669197e+09,"_wandb":{"runtime":8723},"epoch":250,"Train Acc":96.28868471953578,"_runtime":8723.340633,"Train Loss":0.11895878203206653}