{"Test Accuracy":84.98062015503876,"epoch":250,"Train Acc":98.75543740937651,"_runtime":14733.0673571,"_step":250,"Train Loss":0.03791231534262075,"Val Loss":0.8803643152819416,"_wandb":{"runtime":14733},"Val Acc":86.43410852713178,"_timestamp":1.744284695285089e+09}