{"Val Acc":46.6796875,"_step":150,"Val Loss":1.9147690888494253,"Test Accuracy":48.046875,"_wandb":{"runtime":3391},"Train Acc":36.36363636363637,"Train Loss":2.097051213281067,"_timestamp":1.7440017215887034e+09,"_runtime":3391.9934042,"epoch":150}