{"Train Loss":0.2157497669994284,"_runtime":16360.052041,"_wandb":{"runtime":16360},"Val Loss":0.4251242564862293,"Val Acc":90.31986531986531,"Train Acc":93.0374421539756,"epoch":101,"_step":101,"Test Accuracy":90.36195286195286,"_timestamp":1.744594242632892e+09}