{"Test Accuracy":94.60382513661202,"_wandb":{"runtime":9486},"Val Loss":0.2658704088115301,"_runtime":9486.513735,"Train Loss":1.0168934939410093,"Val Acc":93.10109289617486,"_step":150,"Train Acc":67.73890784982935,"_timestamp":1.7436203953970933e+09,"epoch":150}