{"Train Loss":1.5782274596349875,"epoch":250,"Val Loss":1.7555388677865267,"_wandb":{"runtime":5183},"Train Acc":50.70116054158607,"Val Acc":54.6875,"_timestamp":1.7440686491971333e+09,"_step":250,"Test Accuracy":50.78125,"_runtime":5183.8821952}