{"Val Loss":1.4079005462117493,"Train Acc":73.40425531914893,"_wandb":{"runtime":670},"Test Accuracy":63.4765625,"_runtime":670.9267315,"Val Acc":61.328125,"Train Loss":0.830310404841109,"epoch":47,"_timestamp":1.7441141194994946e+09,"_step":47}