{"_runtime":5006.7184944,"Val Acc":76.16279069767442,"_wandb":{"runtime":5006},"_timestamp":1.7444002829968684e+09,"Val Loss":1.2570568243778086,"Train Acc":88.42435959400677,"Train Loss":0.35258435834719204,"Test Accuracy":75.7751937984496,"epoch":56,"_step":56}