{"Train Acc":34.17874396135266,"Val Acc":42.248062015503876,"_runtime":8051.5648117,"_wandb":{"runtime":8051},"Test Accuracy":41.47286821705426,"Val Loss":1.9338786297066266,"epoch":276,"Train Loss":2.2108886246519965,"_timestamp":1.7438770368003473e+09,"_step":276}