{"epoch":200,"_step":200,"Val Loss":0.7451820673786841,"Val Acc":86.14341085271317,"Test Accuracy":88.17829457364341,"_timestamp":1.744434069536268e+09,"_runtime":5866.2578965,"Train Loss":0.0024416639376039933,"Train Acc":99.98791102514507,"_wandb":{"runtime":5866}}