{"Train Acc":99.69499368952461,"_step":150,"Test Accuracy":95.74915824915826,"epoch":150,"Train Loss":0.0085434082607325,"_timestamp":1.7444906235322778e+09,"_wandb":{"runtime":15228},"_runtime":15228.2734838,"Val Loss":0.297440300426224,"Val Acc":95.70707070707071}