{"_runtime":1753.1095256,"_step":125,"_wandb":{"runtime":1753},"Train Acc":44.41489361702128,"_timestamp":1.7439573647062438e+09,"Train Loss":1.7403613948038053,"Val Acc":57.6171875,"Val Loss":1.5787772494368255,"Test Accuracy":58.3984375,"epoch":125}