{"_step":74,"epoch":74,"_runtime":1637.990864,"Val Loss":1.5147348353639245,"_timestamp":1.7439736570247831e+09,"Train Acc":82.32591876208897,"Test Accuracy":56.4453125,"Train Loss":0.671542574102113,"_wandb":{"runtime":1637},"Val Acc":58.7890625}