{"_step":300,"_wandb":{"runtime":16675},"_runtime":16675.8220914,"Train Loss":1.0009961382826034,"_timestamp":1.7434602777577953e+09,"Train Acc":68.06313993174061,"Val Loss":0.42858126421606607,"epoch":300,"Val Acc":89.07103825136612,"Test Accuracy":87.70491803278688}