{"Val Loss":5.56888170434971,"_step":150,"_timestamp":1.7450623189239488e+09,"Train Loss":5.558640949255687,"Train Acc":0.8151030710980227,"_wandb":{"runtime":35522},"_runtime":35522.9637467,"epoch":150,"Val Acc":0.7154882154882155,"Test Accuracy":0.7154882154882155}