{"_step":300,"Val Acc":58.0078125,"Train Acc":100,"_wandb":{"runtime":6476},"_runtime":6476.6707433,"epoch":300,"Val Loss":2.4244443378411233,"_timestamp":1.7439928441714933e+09,"Test Accuracy":56.0546875,"Train Loss":0.0009396268814230563}