{"_wandb":{"runtime":10197},"_timestamp":1.744717417267738e+09,"Val Acc":85.81649831649831,"Test Accuracy":85.39562289562289,"Train Acc":72.31804795961295,"_runtime":10197.1989292,"_step":100,"Val Loss":0.5302578749171198,"epoch":100,"Train Loss":0.8769611154765605}