{"Val Acc":2.559055118110236,"_step":2,"Train Acc":0.8911012782694199,"_wandb":{"runtime":439},"_timestamp":1.74974448191915e+09,"Val Loss":5.723718652575035,"epoch":3,"_runtime":355.186506,"Train Loss":5.931870741361245}