{"_runtime":11686.7051615,"Test Accuracy":96.03825136612022,"_wandb":{"runtime":11686},"_step":139,"epoch":139,"_timestamp":1.743734782247761e+09,"Train Loss":0.6081376482519066,"Train Acc":81.13271920846128,"Val Loss":0.14300532618594322,"Val Acc":96.03825136612022}