{"_step":75,"_runtime":2789.3853814,"Train Acc":57.80193236714976,"epoch":75,"Test Accuracy":54.457364341085274,"Val Loss":1.6924651908551076,"_wandb":{"runtime":2789},"_timestamp":1.74394432205038e+09,"Val Acc":55.23255813953488,"Train Loss":1.3487634475536392}