{"_wandb":{"runtime":596},"Train Acc":77.85299806576403,"Test Accuracy":59.9609375,"_runtime":596.4823007,"_step":42,"Val Acc":58.7890625,"Val Loss":1.5500925325322896,"epoch":42,"Train Loss":0.7014315673609478,"_timestamp":1.7440811184031746e+09}