{"_timestamp":1.744294256914334e+09,"_runtime":7490.1747746,"_step":100,"Test Accuracy":74.4186046511628,"Train Acc":91.30014499758337,"Val Loss":1.2987329278876978,"Val Acc":75.96899224806202,"Train Loss":0.2724777022571444,"_wandb":{"runtime":7490},"epoch":100}