{"_timestamp":1.7443532469124067e+09,"_step":100,"Test Accuracy":78.58527131782945,"Val Acc":78.10077519379846,"epoch":100,"Val Loss":0.8491251829636189,"Train Acc":61.46689221846302,"Train Loss":1.3007838290352185,"_runtime":9810.1619982,"_wandb":{"runtime":9810}}