{"Train Loss":0.5720297205382034,"Val Loss":0.16308881878923456,"_runtime":22341.865226,"epoch":150,"_wandb":{"runtime":22341},"_timestamp":1.7437056261601295e+09,"Val Acc":95.62841530054645,"_step":150,"Train Acc":81.60184237461617,"Test Accuracy":96.17486338797814}