{"Val Acc":0.3412969283276451,"epoch":11,"Train Acc":0.8095440988495952,"_timestamp":1.7432598731796649e+09,"_runtime":120.420084,"Train Loss":4.582831734489948,"_wandb":{"runtime":120},"Val Loss":4.614707985439816,"_step":10}