{"_wandb":{"runtime":14818},"Train Loss":1.3082808482667942,"Train Acc":61.064366848969286,"_runtime":14818.0632873,"_timestamp":1.7451644473005571e+09,"epoch":100,"Test Accuracy":84.5959595959596,"Val Acc":84.006734006734,"_step":100,"Val Loss":0.6001990320480833}