{"epoch":38,"Train Acc":79.21701304978251,"_timestamp":1.7442216698404543e+09,"Val Acc":67.53875968992249,"Train Loss":0.6638093664828074,"_runtime":2984.9930415,"_step":38,"_wandb":{"runtime":2984},"Test Accuracy":64.53488372093024,"Val Loss":1.516966149306589}