{"_step":1,"Train Loss":4.027207854013801,"Train Acc":10.68259385665529,"_runtime":122.281757,"Val Acc":35.99726775956284,"_wandb":{"runtime":150},"epoch":2,"Val Loss":3.2952958547352442,"_timestamp":1.743397760314653e+09}