{"_runtime":13917.0782114,"_step":100,"Train Loss":0.16233063170982712,"Test Accuracy":91.54040404040404,"_wandb":{"runtime":13917},"epoch":100,"Val Loss":0.3074887784636439,"Train Acc":94.63609591922591,"_timestamp":1.7445778792522125e+09,"Val Acc":93.26599326599326}