{"Train Loss":0.03515291803320825,"_runtime":24287.3599606,"Train Acc":98.77997475809845,"Val Loss":0.373070227889124,"Val Acc":94.6969696969697,"_timestamp":1.744941127951079e+09,"_wandb":{"runtime":24287},"Test Accuracy":94.57070707070707,"_step":250,"epoch":250}