{"_step":138,"Val Acc":95.11784511784512,"Test Accuracy":95.32828282828282,"_wandb":{"runtime":16613},"_timestamp":1.7450034925917134e+09,"Val Loss":0.2019997962305926,"_runtime":16613.6408871,"Train Loss":0.34272086286340786,"epoch":138,"Train Acc":88.90408077408497}