{"_wandb":{"runtime":11615},"Train Loss":0.1035620627090992,"Train Acc":96.68762088974854,"Val Acc":91.66666666666667,"_timestamp":1.7442332926227424e+09,"_step":300,"Val Loss":0.46625679573440443,"_runtime":11615.0589306,"epoch":300,"Test Accuracy":91.18217054263566}