{"_wandb":{"runtime":5032},"_timestamp":1.744057947766876e+09,"Test Accuracy":47.0703125,"Train Acc":39.216634429400386,"_runtime":5032.7560138,"Train Loss":1.9294998266480186,"Val Loss":1.8511555278673768,"Val Acc":46.6796875,"epoch":233,"_step":233}