{"_runtime":119.476852,"_step":10,"_wandb":{"runtime":119},"Train Acc":0.9373668512995313,"Val Acc":0.3412969283276451,"Train Loss":4.58340755313178,"epoch":11,"Val Loss":4.606203781591879,"_timestamp":1.7432595191695218e+09}