{"Test Accuracy":95.08196721311475,"Val Acc":96.72131147540983,"Train Acc":97.36438075742068,"Val Loss":0.16555785393370573,"_runtime":10408.9036467,"_timestamp":1.7434435963606665e+09,"epoch":100,"_step":100,"Train Loss":0.08174828608850136,"_wandb":{"runtime":10408}}