{"_wandb":{"runtime":24784},"Val Acc":95.496632996633,"Train Loss":0.02646456043772868,"Test Accuracy":95.07575757575758,"_runtime":24784.936628,"_timestamp":1.7447422097547054e+09,"Val Loss":0.33047744361731946,"Train Acc":99.13230963399242,"_step":300,"epoch":300}