{"Val Loss":0.7264460392874358,"Train Loss":0.06262620144973587,"_wandb":{"runtime":5834},"Test Accuracy":83.72093023255815,"Val Acc":84.59302325581395,"_step":69,"Train Acc":98.47752537457708,"_timestamp":1.7444554624866042e+09,"epoch":69,"_runtime":5834.5499708}