{"_runtime":10958.6821069,"epoch":250,"_wandb":{"runtime":10958},"_timestamp":1.74347124318152e+09,"_step":250,"Train Loss":1.0254435663438901,"Val Loss":0.12981971025930036,"Train Acc":68.15699658703072,"Test Accuracy":96.5846994535519,"Val Acc":96.99453551912568}