{"Val Loss":1.965576494192026,"Test Accuracy":56.007751937984494,"_wandb":{"runtime":2466},"_step":50,"Val Acc":54.457364341085274,"_runtime":2466.5613496,"Train Acc":97.6328502415459,"Train Loss":0.18205088590258273,"epoch":50,"_timestamp":1.7441196640865266e+09}