{"_runtime":9609.8064355,"Train Loss":1.1467259875946891,"epoch":150,"Val Loss":0.4966268508486409,"Test Accuracy":85.65573770491804,"_step":150,"Train Acc":62.51706484641638,"_wandb":{"runtime":9609},"_timestamp":1.7437647199041774e+09,"Val Acc":84.56284153005464}