{"Val Loss":0.0675575774659798,"_timestamp":1.7435196405865715e+09,"_runtime":12420.3371299,"Val Acc":98.01912568306011,"_wandb":{"runtime":12420},"epoch":148,"_step":148,"Train Loss":0.5199992603476054,"Train Acc":83.43568747867621,"Test Accuracy":96.7896174863388}