{"Train Acc":92.55319148936171,"Val Loss":2.399057984352112,"epoch":23,"_step":23,"Val Acc":54.8828125,"Train Loss":0.24136688731740474,"_runtime":573.4969308,"_timestamp":1.7441202419701862e+09,"_wandb":{"runtime":573},"Test Accuracy":48.6328125}