{"Test Accuracy":30.03875968992248,"_wandb":{"runtime":9267},"epoch":250,"Val Loss":2.52737474349118,"Val Acc":29.069767441860463,"_runtime":9267.4925216,"_step":250,"Train Acc":28.840579710144926,"Train Loss":2.5227641901532234,"_timestamp":1.7439392969508796e+09}