{"Train Acc":51.06280193236715,"_wandb":{"runtime":3211},"_step":66,"Val Acc":45.15503875968992,"Train Loss":1.6179436424648128,"Val Loss":2.177560341681621,"epoch":66,"Test Accuracy":49.8062015503876,"_timestamp":1.7440718661564035e+09,"_runtime":3211.5316138}