{"epoch":352,"_wandb":{"runtime":4004},"Val Acc":1.023890784982935,"Train Loss":4.583137850948249,"Train Acc":1.2356199403493822,"Val Loss":4.614139737309636,"_runtime":4000.924819,"_timestamp":1.743267655756712e+09,"_step":351}