{"Val Acc":54.84496124031008,"_timestamp":1.7440943895362763e+09,"epoch":29,"Train Acc":80.72463768115942,"Val Loss":1.9979867993370277,"Test Accuracy":56.97674418604651,"Train Loss":0.6157877639295974,"_step":29,"_wandb":{"runtime":899},"_runtime":899.3784456}