{"_wandb":{"runtime":8750},"Val Acc":84.68992248062015,"_timestamp":1.744324861753608e+09,"Train Acc":74.92750120831319,"_step":144,"epoch":144,"Val Loss":0.5194390174398531,"_runtime":8750.3814917,"Test Accuracy":85.27131782945736,"Train Loss":0.7974846571046497}