{"epoch":126,"Test Accuracy":95.45454545454545,"Train Loss":0.3904272620904122,"_wandb":{"runtime":12204},"_runtime":12204.8819199,"Train Acc":87.5578460244005,"Val Loss":0.21179899631248367,"_timestamp":1.7453701328015387e+09,"_step":126,"Val Acc":94.61279461279462}