{"epoch":66,"Train Loss":0.09664631567608772,"_runtime":12276.0304284,"Test Accuracy":92.50841750841751,"Train Acc":97.17606226335717,"_step":66,"Val Loss":0.33746280384733146,"_wandb":{"runtime":12276},"_timestamp":1.7450157745093844e+09,"Val Acc":93.01346801346801}