{"Train Loss":2.249029403041534,"_timestamp":1.743268242504875e+09,"_runtime":2183.1832797,"Val Loss":2.308955086244119,"epoch":100,"Val Acc":20.13651877133106,"Train Acc":25.692373242437153,"_step":99,"_wandb":{"runtime":2183}}