{"_timestamp":1.7441134441231306e+09,"_runtime":3472.3049836,"_step":81,"Val Acc":43.02325581395349,"epoch":81,"Train Loss":1.7540436331920577,"_wandb":{"runtime":3472},"Train Acc":49.08212560386473,"Test Accuracy":45.542635658914726,"Val Loss":2.3618106476442757}