{"Train Loss":0.23322501105848137,"_wandb":{"runtime":6198},"Val Loss":0.5586181508101723,"_runtime":6198.9017392,"_timestamp":1.744307605391218e+09,"Val Acc":86.33720930232558,"epoch":200,"_step":200,"Test Accuracy":88.66279069767442,"Train Acc":93.06092843326886}