{"Val Acc":59.375,"_wandb":{"runtime":864},"Train Acc":99.75822050290135,"Train Loss":0.06146838720005215,"Val Loss":1.7929680915549397,"_step":39,"Test Accuracy":56.640625,"_runtime":864.2926715,"epoch":39,"_timestamp":1.7439249209128528e+09}