{"_timestamp":1.7433737085904853e+09,"_step":157,"Val Loss":0.17931498887223005,"_runtime":25517.8635542,"Val Acc":96.17486338797814,"_wandb":{"runtime":25517},"Train Loss":0.5117333792530923,"Train Acc":83.71716137836916,"epoch":158}