{"Val Acc":73.65319865319866,"_wandb":{"runtime":18184},"Train Acc":52.59255363904081,"_timestamp":1.744884988400429e+09,"Val Loss":0.8694431000304493,"_step":100,"epoch":100,"Test Accuracy":75.75757575757575,"_runtime":18184.4836757,"Train Loss":1.582648212670791}