{"_timestamp":1.743339835674249e+09,"Train Loss":0.36419894834115685,"_runtime":5639.1243383,"Val Acc":60.06825938566553,"Train Acc":87.30293992330635,"Val Loss":1.877865334157832,"epoch":200,"_wandb":{"runtime":5639},"_step":199}