{"Val Loss":0.6550396654336178,"Train Loss":0.11148871659250333,"_runtime":11738.7548895,"Val Acc":89.53488372093024,"epoch":300,"_timestamp":1.7444159079275446e+09,"_step":300,"Train Acc":96.31286266924565,"_wandb":{"runtime":11738},"Test Accuracy":89.72868217054264}