{"Val Loss":0.3230726265039621,"_runtime":3686.563322,"_step":37,"_timestamp":1.7445246334693632e+09,"Test Accuracy":93.85521885521885,"_wandb":{"runtime":3686},"Train Loss":0.061490131434744036,"Train Acc":98.42763988220446,"epoch":37,"Val Acc":93.6026936026936}