{"_step":150,"Train Loss":1.035080460912235,"Val Loss":0.3894291347757892,"Test Accuracy":89.52020202020202,"_timestamp":1.744563958351744e+09,"Train Acc":68.43710559528817,"_runtime":28552.5186578,"epoch":150,"Val Acc":89.0993265993266,"_wandb":{"runtime":28552}}