{"epoch":100,"_step":100,"Val Acc":89.27595628415301,"_wandb":{"runtime":4955},"Train Acc":53.34470989761092,"_timestamp":1.743683277824836e+09,"_runtime":4955.7719289,"Val Loss":0.5001728089292192,"Train Loss":1.5395253385700056,"Test Accuracy":90.23224043715847}