{"Train Loss":4.642226307272545,"_wandb":{"runtime":165},"_runtime":130.175677,"epoch":2,"Val Loss":4.528857675406451,"Val Acc":2.2540983606557377,"_timestamp":1.743398017658454e+09,"_step":1,"Train Acc":1.2197202320027294}