{"Val Acc":98.36065573770492,"_step":150,"Test Accuracy":97.54098360655738,"Val Loss":0.08049611288291245,"epoch":150,"Train Acc":99.95733788395904,"_timestamp":1.743630582598681e+09,"Train Loss":0.0015065097384198694,"_wandb":{"runtime":10180},"_runtime":10180.7863804}