{"_wandb":{"runtime":3482},"Train Acc":84.58655705996132,"_timestamp":1.7443161055764499e+09,"Val Loss":0.5102719857899811,"Test Accuracy":88.46899224806202,"_runtime":3482.9234153,"Val Acc":87.1124031007752,"_step":74,"Train Loss":0.4857002619865154,"epoch":74}