{"_timestamp":1.7436993747578292e+09,"_runtime":5033.250237,"Val Loss":2.4763334402814507,"_wandb":{"runtime":5048},"_step":77,"Train Loss":0.03241526442155049,"Val Acc":57.2265625,"epoch":78,"Train Acc":98.96034816247582}