{"Val Acc":97.47267759562841,"_wandb":{"runtime":6369},"_runtime":6369.7971681,"Train Acc":91.51023890784982,"_step":100,"_timestamp":1.7434331818419971e+09,"Test Accuracy":98.29234972677595,"Train Loss":0.26074896713618645,"epoch":100,"Val Loss":0.10698178470643714}