{"_timestamp":1.744080518632565e+09,"Val Acc":58.3984375,"_step":150,"Test Accuracy":57.8125,"epoch":150,"Train Loss":1.6812311548098373,"Val Loss":1.4644286381080747,"_runtime":2314.5018714,"_wandb":{"runtime":2314},"Train Acc":45.86557059961315}