{"Test Accuracy":69.67054263565892,"_timestamp":1.7444496215244095e+09,"_step":168,"Val Loss":1.1439941243932747,"_runtime":15546.5870315,"Train Loss":1.2842905463307823,"epoch":168,"Train Acc":60.56065732237796,"_wandb":{"runtime":15546},"Val Acc":69.18604651162791}