{"Train Loss":0.6400070227267276,"Train Acc":79.4278502313841,"Val Acc":89.85690235690235,"epoch":100,"Test Accuracy":90.15151515151516,"Val Loss":0.36528131079304216,"_wandb":{"runtime":9090},"_step":100,"_runtime":9090.9087712,"_timestamp":1.7448070191057534e+09}