{"Train Acc":99.38998737904922,"Train Loss":0.018115241754645187,"epoch":300,"_timestamp":1.7453997031323006e+09,"Test Accuracy":95.03367003367003,"_runtime":29561.9389078,"Val Acc":94.99158249158249,"_step":300,"_wandb":{"runtime":29561},"Val Loss":0.3614061821078216}