{"Test Accuracy":88.25757575757575,"Train Acc":93.41081194783341,"_timestamp":1.7447715830816011e+09,"Val Loss":0.5832942026232368,"epoch":150,"_step":150,"Train Loss":0.21059300991703478,"Val Acc":87.16329966329967,"_wandb":{"runtime":29367},"_runtime":29367.5559453}