{"_timestamp":1.7439075428721251e+09,"Test Accuracy":57.36434108527132,"_wandb":{"runtime":3768},"Val Acc":56.007751937984494,"_runtime":3768.4881796,"Train Acc":67.89855072463769,"Train Loss":1.060079835637828,"Val Loss":1.518968798913235,"epoch":102,"_step":102}