{"Val Acc":84.20542635658914,"_timestamp":1.7442033280491776e+09,"Val Loss":0.8223749988048171,"Train Loss":0.15995548700241247,"_runtime":688.2723056,"_step":23,"Train Acc":94.87427466150871,"Test Accuracy":87.40310077519379,"epoch":23,"_wandb":{"runtime":688}}