{"Train Loss":1.7646112299057686,"_wandb":{"runtime":4389},"Test Accuracy":53.3203125,"Val Loss":1.5058662202209234,"_runtime":4389.215222,"_step":200,"Val Acc":53.3203125,"epoch":200,"Train Acc":44.197292069632496,"_timestamp":1.74388426082369e+09}