{"Train Acc":68.81642512077295,"epoch":100,"_timestamp":1.7440850059880753e+09,"Train Loss":1.0517153958155625,"Val Acc":56.007751937984494,"_wandb":{"runtime":3882},"Val Loss":1.5948273541564628,"_step":100,"Test Accuracy":58.52713178294574,"_runtime":3882.1670393}