{"Test Accuracy":60.15625,"_runtime":1985.7272491,"epoch":100,"_step":100,"Train Loss":0.003365028128702525,"Val Acc":58.0078125,"_timestamp":1.7441161106476028e+09,"Train Acc":99.95164410058027,"_wandb":{"runtime":1985},"Val Loss":2.5106218091677874}