{"_timestamp":1.743965442062395e+09,"_wandb":{"runtime":1624},"Train Loss":1.7450150052706401,"epoch":53,"_runtime":1624.0397999,"Test Accuracy":49.031007751937985,"Val Acc":43.21705426356589,"_step":53,"Train Acc":48.067632850241544,"Val Loss":2.057758372767951}