{"_runtime":1066.9420133,"Train Acc":70.6237911025145,"Train Loss":0.9383644781559994,"_wandb":{"runtime":1066},"Test Accuracy":56.25,"_step":49,"epoch":49,"_timestamp":1.744117184961405e+09,"Val Loss":1.7251289738342166,"Val Acc":56.640625}