{"_runtime":1611.1808218,"_wandb":{"runtime":1611},"_timestamp":1.743945940057625e+09,"Val Loss":1.8696401482447982,"Train Acc":92.2147001934236,"Train Loss":0.24522952210676913,"Test Accuracy":60.15625,"Val Acc":59.9609375,"_step":100,"epoch":100}