{"_step":200,"epoch":200,"_wandb":{"runtime":8663},"_runtime":8663.8716176,"Val Loss":0.4331037042070738,"Test Accuracy":88.66279069767442,"Val Acc":90.89147286821705,"Train Acc":94.99516441005802,"_timestamp":1.744340588624121e+09,"Train Loss":0.15842470151441607}