{"Val Loss":0.3595347112939487,"Test Accuracy":95.62289562289563,"Train Loss":0.02251626158930817,"epoch":250,"_wandb":{"runtime":56460},"Train Acc":99.2637778712663,"_runtime":56460.6292463,"_timestamp":1.744689366446126e+09,"Val Acc":94.52861952861953,"_step":250}