{"Train Acc":99.78260869565217,"Train Loss":0.008210008963699722,"_timestamp":1.7440172758661528e+09,"Val Loss":2.7990674068974744,"_wandb":{"runtime":8822},"Val Acc":60.27131782945737,"_runtime":8822.7625865,"Test Accuracy":57.17054263565891,"_step":250,"epoch":250}