{"epoch":100,"Train Loss":0.026991199870830897,"Train Acc":99.49250845819236,"Val Loss":0.6158434942598073,"_step":100,"_runtime":7142.7734438,"Test Accuracy":84.49612403100775,"_wandb":{"runtime":7142},"Val Acc":86.43410852713178,"_timestamp":1.7443014031117527e+09}