{"Test Accuracy":98.90710382513662,"Train Loss":0.000820513373073491,"Val Acc":99.1120218579235,"_step":300,"_runtime":19093.1480655,"Val Loss":0.06378463812016134,"Train Acc":99.98293515358361,"_timestamp":1.7434987969215405e+09,"_wandb":{"runtime":19093},"epoch":300}