{"_step":35,"_wandb":{"runtime":1152},"epoch":35,"Test Accuracy":86.04651162790698,"_runtime":1152.2567726,"Train Acc":96.98984526112186,"Train Loss":0.0913181973563893,"Val Acc":88.37209302325581,"_timestamp":1.7444014491838896e+09,"Val Loss":0.6586459732730281}