{"Val Acc":81.78294573643412,"epoch":56,"_runtime":4798.1719946,"Test Accuracy":83.13953488372093,"_wandb":{"runtime":4798},"Val Loss":0.8285318935248128,"_step":56,"Train Loss":0.329692661957018,"Train Acc":89.34267762203963,"_timestamp":1.7443952687824607e+09}