{"Test Accuracy":88.25757575757575,"_timestamp":1.7448667980888522e+09,"_wandb":{"runtime":27601},"epoch":200,"Train Loss":0.9183675077100582,"_runtime":27601.4693401,"Val Loss":0.35786148679763335,"Train Acc":70.81405132519983,"Val Acc":88.76262626262626,"_step":200}