{"Val Acc":32.8551912568306,"Test Accuracy":34.631147540983605,"_wandb":{"runtime":24352},"_runtime":24352.3554451,"Train Loss":2.3825599533508597,"Train Acc":23.68645513476629,"epoch":180,"Val Loss":1.8673375616959536,"_step":180,"_timestamp":1.743789075742906e+09}