{"Val Loss":1.0615151521956603,"Test Accuracy":87.40310077519379,"_step":150,"_timestamp":1.7442595304060414e+09,"_wandb":{"runtime":7162},"_runtime":7162.3996894,"epoch":150,"Train Loss":0.040468919589477514,"Train Acc":98.79110251450678,"Val Acc":86.43410852713178}