{"_wandb":{"runtime":2420},"_timestamp":1.7442498556189764e+09,"Test Accuracy":85.94961240310077,"_runtime":2420.1316941,"Train Loss":0.7023852719282245,"Val Acc":81.78294573643412,"Train Acc":77.85299806576403,"Val Loss":0.7859692482869755,"_step":69,"epoch":69}