{"_timestamp":1.7439269783622131e+09,"Val Loss":1.7236726473089192,"epoch":53,"Train Loss":0.0798460388801326,"_runtime":2051.0260917,"Val Acc":59.10852713178294,"Train Acc":99.17874396135265,"_step":53,"Test Accuracy":53.68217054263566,"_wandb":{"runtime":2051}}