{"Val Loss":0.10831430004597921,"Train Acc":72.63651877133105,"Test Accuracy":97.60928961748634,"_step":300,"epoch":300,"_timestamp":1.7435956494201033e+09,"_wandb":{"runtime":13862},"Val Acc":97.19945355191257,"Train Loss":0.8829381843577473,"_runtime":13862.7234263}