{"_runtime":3950.1072178,"Test Accuracy":83.23643410852713,"Train Acc":81.60058027079303,"Val Acc":83.23643410852713,"_step":92,"Val Loss":0.8766367755371847,"_timestamp":1.7444281989259768e+09,"_wandb":{"runtime":3950},"Train Loss":0.5926501539299838,"epoch":92}