{"epoch":150,"_wandb":{"runtime":11012},"Val Acc":94.9074074074074,"_step":150,"_timestamp":1.74502679259144e+09,"Val Loss":0.19804983307195512,"Test Accuracy":94.9074074074074,"_runtime":11012.5185161,"Train Acc":86.26419856962558,"Train Loss":0.43853348559350463}