{"epoch":150,"_step":150,"Train Loss":1.0158657738406072,"Val Acc":88.67845117845118,"_timestamp":1.7453257498990512e+09,"Val Loss":0.426085456594298,"_wandb":{"runtime":31429},"Train Acc":69.1470340765671,"Test Accuracy":86.57407407407408,"_runtime":31429.5358535}