{"Train Loss":0.38948355637080134,"epoch":135,"Test Accuracy":95.20202020202021,"Train Acc":87.58413967185528,"Val Loss":0.19652733133296088,"_timestamp":1.744535402537399e+09,"_step":135,"_wandb":{"runtime":10763},"Val Acc":95.03367003367003,"_runtime":10763.6865091}