{"Train Loss":0.1528609293078322,"Train Acc":94.96739587715608,"Val Acc":91.79292929292929,"_timestamp":1.7449868723915145e+09,"_wandb":{"runtime":12399},"epoch":65,"Test Accuracy":92.08754208754209,"_step":65,"_runtime":12399.3919269,"Val Loss":0.3706520663516487}