{"_runtime":3335.0411252,"_step":74,"Val Loss":0.5221147793173689,"Train Loss":0.4814002890900008,"epoch":74,"Val Acc":88.46899224806202,"Train Acc":84.39313346228239,"Test Accuracy":87.59689922480621,"_timestamp":1.7443904651945193e+09,"_wandb":{"runtime":3335}}