{"_runtime":1343.9153372,"_wandb":{"runtime":1343},"Val Loss":1.7751753575181308,"Val Acc":46.735395189003434,"Train Acc":50.92235092235092,"_timestamp":1.7433425582265153e+09,"Train Loss":1.569229807289346,"epoch":48,"_step":47}