{"_wandb":{"runtime":3427},"Test Accuracy":52.713178294573645,"_step":100,"Train Loss":0.13004048969591353,"Val Loss":3.1923777741898265,"Val Acc":51.93798449612403,"epoch":100,"_runtime":3427.6930189,"Train Acc":95.91787439613526,"_timestamp":1.7439240512130058e+09}