{"_wandb":{"runtime":8463},"_runtime":8463.2906493,"Val Loss":2.4218849673751714,"Test Accuracy":29.651162790697676,"_timestamp":1.7440934766655576e+09,"epoch":200,"_step":200,"Train Loss":2.8450721734963755,"Train Acc":20.555555555555557,"Val Acc":27.906976744186046}