{"_step":250,"Val Acc":61.1328125,"epoch":250,"Val Loss":3.3000001566833816,"Train Loss":0.020009427319561048,"_runtime":3486.0206834,"Test Accuracy":60.15625,"_wandb":{"runtime":3486},"Train Acc":99.29883945841392,"_timestamp":1.7441099673896866e+09}