{"Val Acc":93.26599326599326,"_wandb":{"runtime":12521},"_step":150,"Train Acc":99.28481278923012,"_timestamp":1.7451769756905718e+09,"Train Loss":0.022790647780654722,"_runtime":12521.0233593,"Test Accuracy":94.10774410774411,"epoch":150,"Val Loss":0.43077025317969736}