{"epoch":100,"_wandb":{"runtime":3193},"Test Accuracy":22.674418604651162,"_timestamp":1.7439863621780894e+09,"_runtime":3193.4128336,"Val Loss":2.751876157383586,"_step":100,"Train Acc":14.106280193236715,"Train Loss":3.342411498401476,"Val Acc":24.224806201550386}