{"Val Loss":2.299698342103511,"Test Accuracy":57.6171875,"_wandb":{"runtime":628},"Train Acc":93.15764023210832,"Val Acc":55.2734375,"epoch":24,"Train Loss":0.22316147963745192,"_step":24,"_runtime":628.9078534,"_timestamp":1.7440585841948884e+09}