{"Val Loss":1.6932622203603387,"epoch":150,"_step":150,"_wandb":{"runtime":2470},"_runtime":2470.2011695,"Train Acc":34.550290135396516,"Test Accuracy":47.8515625,"Val Acc":51.171875,"Train Loss":2.3619121592095556,"_timestamp":1.7439598416916342e+09}