{"epoch":40,"Train Loss":0.036785377725126835,"Val Acc":97.47267759562841,"Val Loss":0.11310429173264296,"_wandb":{"runtime":2531},"_step":40,"_timestamp":1.743678315504492e+09,"Test Accuracy":97.88251366120218,"_runtime":2531.8248491,"Train Acc":99.28327645051195}