{"_timestamp":1.7443126174087424e+09,"Val Loss":0.8236535817714169,"Test Accuracy":81.2984496124031,"epoch":55,"_wandb":{"runtime":5007},"_runtime":5007.5992937,"_step":55,"Train Acc":96.74963750604157,"Val Acc":82.84883720930233,"Train Loss":0.127507796389842}