{"Val Loss":0.25730946259614257,"epoch":45,"_timestamp":1.7444753885809398e+09,"_runtime":3925.6613763,"Train Acc":99.10601598653766,"_step":45,"Train Loss":0.043201777910530904,"Test Accuracy":93.93939393939394,"_wandb":{"runtime":3925},"Val Acc":94.61279461279462}