{"Val Acc":93.85521885521885,"Train Loss":0.1246778070275729,"_wandb":{"runtime":15043},"_step":81,"Train Acc":96.0401766933109,"Test Accuracy":91.75084175084174,"Val Loss":0.26097347312778235,"_timestamp":1.744793481572737e+09,"epoch":81,"_runtime":15043.7019488}