{"Train Acc":48.428433268858804,"Val Loss":1.5001516505144536,"_wandb":{"runtime":3177},"Val Acc":56.640625,"Test Accuracy":61.9140625,"_timestamp":1.744098815125678e+09,"epoch":200,"_step":200,"Train Loss":1.7117712693703244,"_runtime":3177.3663612}