{"_timestamp":1.7437077698884556e+09,"_runtime":2130.0243754,"_step":47,"Train Loss":0.025507125455711804,"_wandb":{"runtime":2130},"Train Acc":99.24061433447099,"Val Loss":0.06592584747037741,"Val Acc":98.36065573770492,"epoch":47,"Test Accuracy":97.74590163934427}