{"Val Loss":1.3322348571382463,"Test Accuracy":59.375,"Val Acc":60.15625,"Train Loss":1.4749076798759992,"_timestamp":1.7439983250867288e+09,"_wandb":{"runtime":4906},"_step":250,"epoch":250,"_runtime":4906.7529452,"Train Acc":54.497098646034814}