{"Train Acc":98.52657004830918,"epoch":300,"_step":300,"Val Acc":54.06976744186046,"_runtime":9501.7407947,"_timestamp":1.7439831623405194e+09,"Test Accuracy":56.007751937984494,"Val Loss":4.509811917284304,"Train Loss":0.04572637937614911,"_wandb":{"runtime":9501}}